open_time,open,high,low,close,volume
2026-07-01T00:00:00+00:00,546.52000000,548.56000000,545.25000000,547.86000000,5761.52100000
2026-07-01T01:00:00+00:00,547.87000000,549.76000000,540.00000000,547.85000000,10504.27000000
2026-07-01T02:00:00+00:00,547.85000000,550.50000000,547.12000000,549.78000000,5945.62300000
2026-07-01T03:00:00+00:00,549.78000000,552.83000000,548.73000000,551.52000000,4062.82700000
2026-07-01T04:00:00+00:00,551.52000000,552.65000000,550.67000000,551.09000000,4767.39900000
2026-07-01T05:00:00+00:00,551.09000000,551.64000000,549.81000000,551.01000000,2970.73600000
2026-07-01T06:00:00+00:00,551.01000000,551.12000000,545.08000000,545.91000000,5155.97000000
2026-07-01T07:00:00+00:00,545.92000000,547.74000000,545.22000000,546.89000000,3091.27600000
2026-07-01T08:00:00+00:00,546.88000000,547.31000000,544.06000000,547.25000000,5693.32800000
2026-07-01T09:00:00+00:00,547.25000000,547.69000000,544.79000000,545.26000000,5607.39300000
2026-07-01T10:00:00+00:00,545.26000000,545.73000000,542.00000000,542.21000000,6623.97900000
2026-07-01T11:00:00+00:00,542.21000000,544.44000000,537.25000000,542.64000000,16438.38800000
2026-07-01T12:00:00+00:00,542.64000000,543.72000000,541.32000000,542.66000000,4932.40400000
2026-07-01T13:00:00+00:00,542.65000000,550.74000000,542.65000000,549.13000000,17753.92200000
2026-07-01T14:00:00+00:00,549.13000000,552.53000000,547.37000000,549.48000000,9010.57400000
2026-07-01T15:00:00+00:00,549.49000000,555.68000000,549.42000000,554.36000000,12303.44100000
2026-07-01T16:00:00+00:00,554.36000000,554.96000000,550.79000000,551.66000000,8308.60600000
2026-07-01T17:00:00+00:00,551.66000000,554.47000000,550.15000000,554.25000000,4932.03600000
2026-07-01T18:00:00+00:00,554.25000000,554.35000000,552.23000000,552.92000000,4003.51100000
2026-07-01T19:00:00+00:00,552.92000000,554.02000000,550.43000000,551.25000000,8065.95000000
2026-07-01T20:00:00+00:00,551.26000000,552.48000000,550.03000000,552.47000000,2024.84200000
2026-07-01T21:00:00+00:00,552.48000000,557.12000000,552.47000000,556.26000000,5175.65200000
2026-07-01T22:00:00+00:00,556.25000000,559.55000000,553.20000000,553.70000000,6928.25800000
2026-07-01T23:00:00+00:00,553.70000000,553.74000000,550.14000000,550.44000000,2011.26600000
2026-07-02T00:00:00+00:00,550.45000000,550.56000000,546.21000000,547.78000000,3147.81400000
2026-07-02T01:00:00+00:00,547.79000000,551.84000000,547.74000000,550.44000000,2917.62900000
2026-07-02T02:00:00+00:00,550.44000000,551.89000000,549.00000000,551.05000000,3494.70300000
2026-07-02T03:00:00+00:00,551.05000000,561.19000000,550.16000000,556.94000000,13729.15500000
2026-07-02T04:00:00+00:00,556.93000000,556.93000000,552.80000000,554.33000000,5159.39700000
2026-07-02T05:00:00+00:00,554.33000000,554.33000000,551.94000000,552.09000000,6769.32800000
2026-07-02T06:00:00+00:00,552.09000000,552.27000000,549.00000000,549.03000000,5028.41100000
2026-07-02T07:00:00+00:00,549.03000000,549.99000000,548.74000000,549.40000000,3803.36200000
2026-07-02T08:00:00+00:00,549.40000000,551.13000000,549.25000000,550.87000000,3646.76500000
2026-07-02T09:00:00+00:00,550.87000000,555.99000000,550.16000000,554.56000000,7117.47700000
2026-07-02T10:00:00+00:00,554.56000000,556.83000000,553.87000000,555.95000000,10259.27000000
2026-07-02T11:00:00+00:00,555.95000000,561.73000000,555.64000000,559.93000000,14037.64000000
2026-07-02T12:00:00+00:00,559.94000000,563.30000000,559.14000000,563.05000000,9819.10300000
2026-07-02T13:00:00+00:00,563.05000000,567.17000000,561.49000000,565.15000000,25043.08300000
2026-07-02T14:00:00+00:00,565.15000000,566.41000000,560.02000000,561.99000000,10739.77200000
2026-07-02T15:00:00+00:00,562.00000000,563.55000000,560.33000000,562.54000000,3629.86000000
2026-07-02T16:00:00+00:00,562.54000000,564.16000000,559.44000000,561.89000000,4014.23800000
2026-07-02T17:00:00+00:00,561.89000000,563.59000000,559.87000000,560.68000000,5678.45700000
2026-07-02T18:00:00+00:00,560.69000000,561.82000000,559.88000000,560.16000000,1835.06300000
2026-07-02T19:00:00+00:00,560.16000000,560.35000000,558.00000000,558.14000000,3222.09000000
2026-07-02T20:00:00+00:00,558.14000000,558.88000000,557.39000000,558.42000000,1741.96300000
2026-07-02T21:00:00+00:00,558.42000000,558.49000000,557.22000000,557.52000000,2292.60700000
2026-07-02T22:00:00+00:00,557.52000000,558.33000000,556.16000000,557.37000000,3213.82400000
2026-07-02T23:00:00+00:00,557.36000000,559.60000000,556.66000000,558.96000000,1975.80300000
2026-07-03T00:00:00+00:00,558.95000000,559.26000000,556.99000000,557.69000000,3362.50400000
2026-07-03T01:00:00+00:00,557.69000000,562.12000000,557.22000000,561.58000000,4077.47800000
2026-07-03T02:00:00+00:00,561.58000000,562.01000000,559.14000000,561.52000000,2465.88400000
2026-07-03T03:00:00+00:00,561.52000000,561.82000000,559.54000000,561.03000000,2313.14000000
2026-07-03T04:00:00+00:00,561.03000000,561.71000000,560.04000000,560.74000000,2402.77300000
2026-07-03T05:00:00+00:00,560.74000000,563.31000000,560.40000000,562.56000000,2587.48200000
2026-07-03T06:00:00+00:00,562.56000000,563.97000000,561.34000000,561.54000000,3503.18800000
2026-07-03T07:00:00+00:00,561.54000000,562.47000000,561.14000000,561.69000000,3879.41600000
2026-07-03T08:00:00+00:00,561.68000000,564.00000000,561.34000000,562.29000000,4887.89700000
2026-07-03T09:00:00+00:00,562.29000000,564.39000000,561.71000000,562.86000000,5726.67500000
2026-07-03T10:00:00+00:00,562.87000000,566.50000000,562.66000000,565.91000000,6880.74800000
2026-07-03T11:00:00+00:00,565.91000000,567.58000000,565.14000000,566.77000000,8853.93100000
2026-07-03T12:00:00+00:00,566.78000000,567.84000000,564.38000000,564.97000000,5403.95700000
2026-07-03T13:00:00+00:00,564.98000000,567.78000000,564.74000000,566.92000000,6165.14800000
2026-07-03T14:00:00+00:00,566.91000000,566.91000000,563.23000000,565.89000000,6734.72700000
2026-07-03T15:00:00+00:00,565.90000000,568.45000000,564.82000000,565.65000000,6584.53400000
2026-07-03T16:00:00+00:00,565.66000000,567.24000000,564.60000000,566.74000000,2315.17600000
2026-07-03T17:00:00+00:00,566.74000000,568.26000000,566.37000000,567.86000000,4276.49900000
2026-07-03T18:00:00+00:00,567.87000000,568.77000000,567.67000000,568.42000000,3398.32000000
2026-07-03T19:00:00+00:00,568.43000000,571.50000000,567.70000000,569.69000000,4537.07100000
2026-07-03T20:00:00+00:00,569.69000000,574.73000000,569.51000000,573.17000000,5540.14300000
2026-07-03T21:00:00+00:00,573.17000000,574.94000000,571.85000000,573.94000000,3040.86700000
2026-07-03T22:00:00+00:00,573.94000000,574.37000000,572.34000000,573.14000000,2041.94200000
2026-07-03T23:00:00+00:00,573.14000000,575.21000000,572.61000000,573.81000000,3679.49100000
2026-07-04T00:00:00+00:00,573.81000000,575.71000000,573.46000000,574.08000000,3271.84300000
2026-07-04T01:00:00+00:00,574.08000000,574.08000000,570.93000000,571.84000000,3613.27800000
2026-07-04T02:00:00+00:00,571.84000000,572.56000000,571.16000000,571.91000000,3063.14800000
2026-07-04T03:00:00+00:00,571.90000000,573.00000000,571.45000000,572.23000000,2743.02700000
2026-07-04T04:00:00+00:00,572.23000000,573.36000000,571.46000000,573.18000000,2707.63700000
2026-07-04T05:00:00+00:00,573.17000000,573.17000000,569.90000000,571.35000000,5447.09400000
2026-07-04T06:00:00+00:00,571.36000000,572.38000000,568.74000000,569.96000000,5339.75800000
2026-07-04T07:00:00+00:00,569.96000000,570.10000000,568.70000000,569.70000000,5855.27500000
2026-07-04T08:00:00+00:00,569.71000000,576.24000000,569.21000000,575.21000000,9135.47300000
2026-07-04T09:00:00+00:00,575.21000000,575.37000000,572.20000000,572.61000000,3658.42800000
2026-07-04T10:00:00+00:00,572.62000000,573.00000000,571.36000000,572.01000000,5345.15600000
2026-07-04T11:00:00+00:00,572.00000000,572.76000000,571.24000000,571.91000000,1842.20000000
2026-07-04T12:00:00+00:00,571.91000000,573.66000000,571.90000000,573.28000000,1666.42900000
2026-07-04T13:00:00+00:00,573.28000000,574.50000000,572.21000000,573.30000000,2262.09300000
2026-07-04T14:00:00+00:00,573.29000000,576.00000000,573.19000000,574.63000000,3879.36400000
2026-07-04T15:00:00+00:00,574.64000000,578.23000000,574.00000000,576.74000000,10571.11700000
2026-07-04T16:00:00+00:00,576.74000000,576.82000000,574.84000000,575.78000000,6165.22400000
2026-07-04T17:00:00+00:00,575.78000000,578.79000000,574.46000000,578.48000000,4266.45900000
2026-07-04T18:00:00+00:00,578.48000000,578.82000000,576.46000000,576.87000000,1903.58100000
2026-07-04T19:00:00+00:00,576.88000000,577.22000000,575.51000000,575.52000000,1719.75400000
2026-07-04T20:00:00+00:00,575.52000000,575.95000000,573.16000000,573.21000000,3048.38900000
2026-07-04T21:00:00+00:00,573.21000000,575.47000000,572.57000000,574.68000000,2820.62000000
2026-07-04T22:00:00+00:00,574.68000000,578.27000000,574.49000000,576.67000000,3193.49400000
2026-07-04T23:00:00+00:00,576.68000000,576.80000000,573.70000000,575.37000000,3195.29300000
2026-07-05T00:00:00+00:00,575.38000000,575.43000000,572.15000000,573.26000000,2964.55600000
2026-07-05T01:00:00+00:00,573.25000000,573.90000000,569.89000000,572.00000000,4179.77500000
2026-07-05T02:00:00+00:00,571.99000000,572.28000000,568.19000000,569.38000000,4375.01600000
2026-07-05T03:00:00+00:00,569.37000000,571.09000000,569.37000000,570.44000000,2272.27000000
2026-07-05T04:00:00+00:00,570.44000000,572.14000000,569.88000000,571.48000000,2831.60600000
2026-07-05T05:00:00+00:00,571.47000000,572.14000000,570.36000000,571.61000000,6229.72000000
2026-07-05T06:00:00+00:00,571.62000000,572.40000000,570.58000000,571.61000000,3007.98100000
2026-07-05T07:00:00+00:00,571.61000000,575.83000000,571.44000000,575.64000000,3489.99500000
2026-07-05T08:00:00+00:00,575.65000000,579.00000000,574.84000000,578.32000000,6996.71500000
2026-07-05T09:00:00+00:00,578.32000000,578.36000000,572.48000000,574.61000000,8037.23900000
2026-07-05T10:00:00+00:00,574.60000000,576.39000000,573.80000000,576.13000000,5310.19900000
2026-07-05T11:00:00+00:00,576.13000000,578.28000000,574.49000000,577.05000000,5766.80000000
2026-07-05T12:00:00+00:00,577.06000000,586.54000000,576.19000000,583.72000000,10621.30400000
2026-07-05T13:00:00+00:00,583.72000000,587.73000000,582.25000000,586.88000000,13009.75800000
2026-07-05T14:00:00+00:00,586.87000000,589.82000000,586.29000000,587.29000000,9867.42000000
2026-07-05T15:00:00+00:00,587.29000000,589.85000000,586.59000000,587.34000000,6167.39700000
2026-07-05T16:00:00+00:00,587.34000000,588.95000000,584.87000000,585.76000000,5660.86700000
2026-07-05T17:00:00+00:00,585.76000000,587.21000000,584.48000000,585.35000000,2588.31100000
2026-07-05T18:00:00+00:00,585.34000000,591.80000000,583.49000000,590.59000000,7889.25800000
2026-07-05T19:00:00+00:00,590.59000000,591.11000000,588.84000000,589.45000000,4439.49900000
2026-07-05T20:00:00+00:00,589.44000000,590.60000000,587.62000000,588.07000000,2679.99200000
2026-07-05T21:00:00+00:00,588.07000000,591.27000000,585.84000000,589.65000000,3903.62700000
2026-07-05T22:00:00+00:00,589.65000000,593.47000000,588.90000000,591.55000000,6074.12100000
2026-07-05T23:00:00+00:00,591.55000000,593.10000000,589.03000000,589.87000000,4473.40800000
2026-07-06T00:00:00+00:00,589.88000000,591.87000000,587.01000000,591.77000000,4249.57000000
2026-07-06T01:00:00+00:00,591.77000000,593.10000000,587.89000000,588.53000000,5955.81800000
2026-07-06T02:00:00+00:00,588.53000000,589.32000000,585.47000000,586.41000000,4584.88800000
2026-07-06T03:00:00+00:00,586.40000000,586.64000000,582.67000000,585.41000000,6864.78600000
2026-07-06T04:00:00+00:00,585.41000000,585.68000000,583.43000000,584.07000000,2673.32900000
2026-07-06T05:00:00+00:00,584.08000000,584.66000000,581.13000000,583.17000000,6444.83300000
2026-07-06T06:00:00+00:00,583.17000000,583.39000000,581.62000000,582.39000000,3482.68200000
2026-07-06T07:00:00+00:00,582.38000000,582.88000000,581.03000000,582.08000000,4264.39800000
2026-07-06T08:00:00+00:00,582.07000000,582.90000000,579.90000000,580.63000000,6123.92600000
2026-07-06T09:00:00+00:00,580.63000000,580.63000000,576.10000000,577.43000000,6703.41700000
2026-07-06T10:00:00+00:00,577.44000000,581.00000000,577.30000000,580.18000000,2848.86200000
2026-07-06T11:00:00+00:00,580.19000000,581.13000000,577.81000000,577.81000000,3421.05100000
2026-07-06T12:00:00+00:00,577.81000000,577.86000000,571.85000000,571.95000000,13817.58300000
2026-07-06T13:00:00+00:00,571.96000000,575.18000000,570.12000000,573.04000000,8725.60200000
2026-07-06T14:00:00+00:00,573.05000000,578.93000000,572.95000000,577.10000000,11497.68100000
2026-07-06T15:00:00+00:00,577.10000000,585.00000000,576.95000000,584.74000000,11087.27000000
2026-07-06T16:00:00+00:00,584.75000000,586.71000000,583.32000000,585.31000000,10371.24100000
2026-07-06T17:00:00+00:00,585.31000000,586.13000000,582.85000000,583.06000000,7435.42100000
2026-07-06T18:00:00+00:00,583.07000000,585.19000000,582.85000000,584.40000000,1894.98200000
2026-07-06T19:00:00+00:00,584.39000000,585.98000000,584.01000000,585.15000000,2507.85000000
2026-07-06T20:00:00+00:00,585.15000000,586.29000000,583.55000000,585.72000000,2588.60400000
2026-07-06T21:00:00+00:00,585.72000000,592.10000000,585.72000000,589.51000000,7134.47100000
2026-07-06T22:00:00+00:00,589.52000000,589.71000000,587.47000000,588.11000000,3537.32800000
2026-07-06T23:00:00+00:00,588.11000000,588.91000000,585.54000000,586.01000000,2589.90200000
2026-07-07T00:00:00+00:00,586.02000000,587.92000000,585.57000000,586.91000000,3254.59400000
2026-07-07T01:00:00+00:00,586.91000000,586.91000000,582.48000000,582.93000000,3667.71100000
2026-07-07T02:00:00+00:00,582.94000000,583.50000000,580.24000000,580.98000000,3117.29000000
2026-07-07T03:00:00+00:00,580.98000000,581.92000000,578.22000000,579.18000000,3572.44600000
2026-07-07T04:00:00+00:00,579.18000000,579.41000000,577.61000000,578.84000000,2497.57100000
2026-07-07T05:00:00+00:00,578.85000000,579.84000000,576.39000000,579.04000000,3173.88200000
2026-07-07T06:00:00+00:00,579.04000000,580.79000000,578.06000000,579.98000000,4676.85700000
2026-07-07T07:00:00+00:00,579.98000000,580.40000000,578.28000000,578.33000000,3979.50300000
2026-07-07T08:00:00+00:00,578.32000000,578.56000000,576.52000000,577.22000000,3627.70200000
2026-07-07T09:00:00+00:00,577.22000000,578.58000000,576.82000000,577.93000000,3215.67100000
2026-07-07T10:00:00+00:00,577.94000000,580.00000000,577.82000000,578.47000000,3240.51500000
2026-07-07T11:00:00+00:00,578.46000000,580.40000000,577.27000000,580.23000000,3702.43100000
2026-07-07T12:00:00+00:00,580.23000000,582.40000000,579.98000000,581.09000000,4598.24000000
2026-07-07T13:00:00+00:00,581.08000000,581.28000000,576.85000000,577.48000000,4490.29900000
2026-07-07T14:00:00+00:00,577.50000000,581.52000000,575.28000000,581.01000000,6211.70700000
2026-07-07T15:00:00+00:00,581.01000000,585.61000000,579.50000000,584.74000000,6826.74600000
2026-07-07T16:00:00+00:00,584.73000000,587.16000000,583.41000000,585.28000000,4804.60200000
2026-07-07T17:00:00+00:00,585.28000000,586.49000000,584.20000000,585.97000000,4903.82700000
2026-07-07T18:00:00+00:00,585.98000000,585.98000000,582.28000000,582.38000000,3597.61300000
2026-07-07T19:00:00+00:00,582.38000000,584.29000000,580.01000000,583.29000000,4385.15500000
2026-07-07T20:00:00+00:00,583.29000000,583.80000000,580.18000000,580.71000000,2862.77800000
2026-07-07T21:00:00+00:00,580.72000000,581.54000000,577.82000000,578.04000000,4540.94700000
2026-07-07T22:00:00+00:00,578.05000000,579.63000000,576.69000000,578.59000000,2222.80200000
2026-07-07T23:00:00+00:00,578.58000000,579.25000000,576.40000000,576.82000000,1897.60000000
2026-07-08T00:00:00+00:00,576.83000000,578.94000000,576.16000000,578.62000000,3099.06700000
2026-07-08T01:00:00+00:00,578.63000000,579.00000000,571.39000000,572.06000000,7098.01000000
2026-07-08T02:00:00+00:00,572.07000000,572.07000000,567.45000000,571.14000000,8698.68600000
2026-07-08T03:00:00+00:00,571.15000000,572.47000000,568.55000000,569.05000000,3654.81800000
2026-07-08T04:00:00+00:00,569.06000000,569.87000000,568.19000000,569.54000000,3034.57500000
2026-07-08T05:00:00+00:00,569.55000000,570.31000000,567.52000000,568.20000000,2408.67900000
2026-07-08T06:00:00+00:00,568.21000000,568.37000000,565.98000000,566.56000000,5992.60100000
2026-07-08T07:00:00+00:00,566.56000000,568.10000000,565.23000000,567.94000000,4031.61900000
2026-07-08T08:00:00+00:00,567.94000000,568.76000000,560.73000000,561.55000000,9116.35800000
2026-07-08T09:00:00+00:00,561.56000000,563.38000000,560.40000000,561.50000000,4525.84500000
2026-07-08T10:00:00+00:00,561.51000000,563.36000000,560.61000000,562.83000000,4648.18500000
2026-07-08T11:00:00+00:00,562.83000000,568.78000000,562.28000000,566.13000000,5834.56000000
2026-07-08T12:00:00+00:00,566.14000000,566.72000000,563.76000000,563.93000000,2974.30900000
2026-07-08T13:00:00+00:00,563.94000000,566.05000000,562.73000000,565.36000000,4455.72100000
2026-07-08T14:00:00+00:00,565.37000000,567.38000000,563.31000000,564.48000000,6452.04700000
2026-07-08T15:00:00+00:00,564.48000000,564.62000000,560.94000000,562.36000000,3692.87400000
2026-07-08T16:00:00+00:00,562.36000000,566.80000000,561.64000000,566.59000000,4743.14600000
2026-07-08T17:00:00+00:00,566.59000000,567.87000000,564.46000000,564.71000000,4013.94900000
2026-07-08T18:00:00+00:00,564.71000000,566.92000000,564.30000000,566.29000000,2170.60900000
2026-07-08T19:00:00+00:00,566.30000000,567.50000000,565.63000000,566.94000000,1400.53900000
2026-07-08T20:00:00+00:00,566.95000000,567.72000000,565.83000000,566.25000000,2202.71300000
2026-07-08T21:00:00+00:00,566.26000000,567.02000000,564.77000000,566.86000000,1680.14900000
2026-07-08T22:00:00+00:00,566.87000000,568.35000000,566.51000000,568.03000000,1938.05800000
2026-07-08T23:00:00+00:00,568.03000000,568.98000000,567.15000000,568.66000000,1549.87100000
2026-07-09T00:00:00+00:00,568.66000000,569.36000000,567.65000000,568.67000000,2331.02800000
2026-07-09T01:00:00+00:00,568.68000000,572.81000000,566.97000000,567.25000000,4242.21600000
2026-07-09T02:00:00+00:00,567.25000000,569.44000000,566.05000000,566.11000000,2475.91800000
2026-07-09T03:00:00+00:00,566.11000000,568.50000000,565.48000000,568.26000000,2157.85600000
2026-07-09T04:00:00+00:00,568.26000000,570.51000000,567.66000000,570.50000000,2790.50700000
2026-07-09T05:00:00+00:00,570.51000000,573.73000000,569.42000000,573.67000000,4704.28800000
2026-07-09T06:00:00+00:00,573.67000000,575.21000000,572.43000000,574.75000000,4821.14800000
2026-07-09T07:00:00+00:00,574.75000000,577.15000000,572.27000000,572.74000000,7477.49400000
2026-07-09T08:00:00+00:00,572.74000000,573.52000000,571.93000000,572.20000000,7618.41400000
2026-07-09T09:00:00+00:00,572.20000000,573.50000000,570.67000000,573.06000000,9199.19200000
2026-07-09T10:00:00+00:00,573.07000000,573.27000000,569.45000000,569.94000000,4022.89500000
2026-07-09T11:00:00+00:00,569.94000000,570.59000000,568.93000000,569.77000000,3200.15000000
2026-07-09T12:00:00+00:00,569.77000000,570.73000000,568.12000000,569.04000000,4957.60200000
2026-07-09T13:00:00+00:00,569.05000000,572.29000000,568.07000000,570.99000000,4193.80200000
2026-07-09T14:00:00+00:00,570.99000000,572.11000000,568.81000000,572.07000000,3598.84700000
2026-07-09T15:00:00+00:00,572.07000000,573.00000000,570.62000000,571.03000000,2300.14800000
2026-07-09T16:00:00+00:00,571.02000000,571.59000000,569.30000000,569.90000000,3028.82700000
2026-07-09T17:00:00+00:00,569.91000000,572.58000000,569.46000000,571.57000000,2112.27900000
2026-07-09T18:00:00+00:00,571.58000000,573.67000000,571.04000000,571.86000000,2560.50900000
2026-07-09T19:00:00+00:00,571.87000000,571.95000000,570.09000000,570.26000000,1837.87600000
2026-07-09T20:00:00+00:00,570.26000000,570.75000000,569.47000000,570.08000000,1268.79900000
2026-07-09T21:00:00+00:00,570.08000000,571.21000000,570.01000000,570.36000000,1244.87100000
2026-07-09T22:00:00+00:00,570.36000000,571.06000000,569.76000000,570.43000000,1723.12200000
2026-07-09T23:00:00+00:00,570.43000000,570.54000000,568.62000000,568.72000000,1753.82100000
2026-07-10T00:00:00+00:00,568.73000000,570.80000000,568.02000000,570.80000000,2038.10200000
2026-07-10T01:00:00+00:00,570.80000000,576.69000000,569.66000000,574.95000000,6068.86000000
2026-07-10T02:00:00+00:00,574.95000000,575.70000000,574.00000000,575.41000000,5549.36300000
2026-07-10T03:00:00+00:00,575.42000000,575.88000000,574.44000000,575.52000000,4047.58100000
2026-07-10T04:00:00+00:00,575.52000000,577.34000000,575.01000000,576.19000000,2718.33500000
2026-07-10T05:00:00+00:00,576.20000000,578.14000000,575.39000000,577.42000000,2842.35500000
2026-07-10T06:00:00+00:00,577.42000000,577.66000000,575.91000000,576.57000000,6605.70000000
2026-07-10T07:00:00+00:00,576.58000000,577.18000000,573.86000000,574.00000000,8386.58400000
2026-07-10T08:00:00+00:00,574.00000000,577.16000000,573.93000000,576.05000000,5184.89600000
2026-07-10T09:00:00+00:00,576.06000000,577.16000000,574.79000000,576.62000000,3585.47200000
2026-07-10T10:00:00+00:00,576.63000000,577.66000000,575.45000000,576.33000000,4607.29800000
2026-07-10T11:00:00+00:00,576.34000000,577.32000000,574.75000000,575.59000000,4452.25200000
2026-07-10T12:00:00+00:00,575.60000000,577.00000000,573.56000000,573.63000000,4777.02400000
2026-07-10T13:00:00+00:00,573.63000000,576.69000000,573.00000000,575.59000000,3298.74300000
2026-07-10T14:00:00+00:00,575.59000000,575.70000000,569.63000000,572.22000000,4641.86400000
2026-07-10T15:00:00+00:00,572.22000000,574.54000000,572.12000000,573.86000000,3500.02500000
2026-07-10T16:00:00+00:00,573.86000000,577.50000000,573.86000000,577.17000000,3323.31600000
2026-07-10T17:00:00+00:00,577.17000000,578.31000000,575.92000000,575.93000000,2214.57700000
2026-07-10T18:00:00+00:00,575.93000000,577.58000000,574.75000000,575.28000000,1794.95500000
2026-07-10T19:00:00+00:00,575.29000000,576.78000000,573.87000000,575.99000000,2764.17500000
2026-07-10T20:00:00+00:00,575.99000000,576.37000000,574.73000000,575.23000000,1518.34400000
2026-07-10T21:00:00+00:00,575.23000000,577.01000000,574.69000000,575.85000000,1497.28600000
2026-07-10T22:00:00+00:00,575.86000000,576.57000000,575.65000000,576.04000000,1009.73800000
2026-07-10T23:00:00+00:00,576.05000000,576.42000000,575.16000000,575.43000000,1079.52900000
2026-07-11T00:00:00+00:00,575.44000000,575.76000000,574.42000000,574.73000000,1429.64700000
2026-07-11T01:00:00+00:00,574.73000000,576.07000000,573.27000000,573.32000000,1582.11400000
2026-07-11T02:00:00+00:00,573.32000000,575.10000000,573.06000000,575.00000000,1289.26500000
2026-07-11T03:00:00+00:00,575.01000000,576.00000000,574.15000000,574.91000000,10090.68100000
2026-07-11T04:00:00+00:00,574.92000000,576.00000000,574.31000000,575.27000000,3456.66400000
2026-07-11T05:00:00+00:00,575.27000000,576.33000000,574.90000000,575.23000000,3218.49800000
2026-07-11T06:00:00+00:00,575.24000000,576.33000000,574.88000000,576.20000000,1938.67000000
2026-07-11T07:00:00+00:00,576.21000000,577.72000000,575.99000000,576.92000000,2805.19000000
2026-07-11T08:00:00+00:00,576.92000000,579.28000000,576.61000000,579.26000000,2715.18700000
2026-07-11T09:00:00+00:00,579.26000000,579.84000000,577.36000000,577.72000000,2448.24900000
2026-07-11T10:00:00+00:00,577.72000000,578.91000000,577.04000000,578.91000000,2546.98500000
2026-07-11T11:00:00+00:00,578.90000000,579.39000000,577.76000000,579.39000000,2596.26900000
2026-07-11T12:00:00+00:00,579.39000000,580.36000000,578.76000000,579.49000000,2542.18100000
2026-07-11T13:00:00+00:00,579.48000000,582.18000000,579.29000000,581.21000000,3452.98000000
2026-07-11T14:00:00+00:00,581.21000000,583.01000000,580.91000000,581.70000000,6564.32800000
2026-07-11T15:00:00+00:00,581.71000000,582.17000000,577.81000000,579.86000000,4505.55400000
2026-07-11T16:00:00+00:00,579.87000000,580.45000000,579.23000000,579.89000000,1743.10300000
2026-07-11T17:00:00+00:00,579.88000000,581.18000000,579.62000000,580.66000000,1559.98900000
2026-07-11T18:00:00+00:00,580.65000000,581.31000000,580.41000000,580.92000000,1155.95100000
2026-07-11T19:00:00+00:00,580.93000000,581.52000000,580.29000000,580.56000000,1174.77400000
2026-07-11T20:00:00+00:00,580.57000000,581.51000000,580.57000000,580.99000000,701.38200000
2026-07-11T21:00:00+00:00,581.00000000,581.52000000,580.86000000,581.18000000,1118.17500000
2026-07-11T22:00:00+00:00,581.18000000,582.08000000,579.73000000,580.23000000,1626.79800000
2026-07-11T23:00:00+00:00,580.23000000,580.71000000,574.65000000,574.65000000,3453.70500000
2026-07-12T00:00:00+00:00,574.65000000,575.28000000,570.30000000,571.29000000,4723.75900000
2026-07-12T01:00:00+00:00,571.30000000,574.28000000,570.78000000,574.04000000,3131.66100000
2026-07-12T02:00:00+00:00,574.05000000,574.51000000,572.93000000,574.28000000,1907.39800000
2026-07-12T03:00:00+00:00,574.28000000,575.89000000,574.00000000,575.39000000,1614.12200000
2026-07-12T04:00:00+00:00,575.40000000,575.89000000,573.89000000,574.40000000,2342.03700000
2026-07-12T05:00:00+00:00,574.41000000,574.48000000,572.68000000,573.09000000,2458.51500000
2026-07-12T06:00:00+00:00,573.09000000,573.09000000,570.13000000,571.89000000,4632.92300000
2026-07-12T07:00:00+00:00,571.89000000,572.72000000,571.67000000,572.37000000,2559.96100000
2026-07-12T08:00:00+00:00,572.37000000,573.99000000,572.26000000,573.69000000,5808.47100000
2026-07-12T09:00:00+00:00,573.68000000,575.05000000,572.33000000,574.41000000,3697.21900000
2026-07-12T10:00:00+00:00,574.41000000,574.80000000,573.73000000,574.42000000,1725.81800000
2026-07-12T11:00:00+00:00,574.43000000,580.53000000,573.71000000,580.17000000,5956.98900000
2026-07-12T12:00:00+00:00,580.18000000,584.63000000,580.11000000,582.30000000,10661.57000000
2026-07-12T13:00:00+00:00,582.30000000,582.45000000,580.48000000,581.02000000,3931.09000000
2026-07-12T14:00:00+00:00,581.02000000,582.82000000,579.36000000,581.55000000,3334.30800000
2026-07-12T15:00:00+00:00,581.54000000,581.54000000,580.12000000,581.10000000,3489.15800000
2026-07-12T16:00:00+00:00,581.09000000,582.07000000,580.81000000,581.12000000,2790.46000000
2026-07-12T17:00:00+00:00,581.12000000,581.22000000,578.88000000,579.30000000,3972.01500000
2026-07-12T18:00:00+00:00,579.30000000,579.75000000,579.05000000,579.45000000,1330.63800000
2026-07-12T19:00:00+00:00,579.45000000,579.88000000,578.88000000,579.86000000,1471.06600000
2026-07-12T20:00:00+00:00,579.87000000,579.96000000,578.28000000,578.84000000,2034.18300000
2026-07-12T21:00:00+00:00,578.85000000,579.43000000,575.69000000,575.75000000,1964.73900000
2026-07-12T22:00:00+00:00,575.75000000,575.75000000,572.89000000,574.16000000,4872.07300000
2026-07-12T23:00:00+00:00,574.16000000,574.99000000,573.15000000,573.91000000,1305.87900000
2026-07-13T00:00:00+00:00,573.91000000,579.89000000,573.08000000,577.93000000,4729.91100000
2026-07-13T01:00:00+00:00,577.93000000,579.08000000,572.19000000,572.30000000,3585.61500000
2026-07-13T02:00:00+00:00,572.31000000,573.77000000,570.87000000,572.04000000,5065.51300000
2026-07-13T03:00:00+00:00,572.05000000,572.05000000,566.67000000,569.04000000,7761.95100000
2026-07-13T04:00:00+00:00,569.05000000,569.63000000,567.28000000,567.31000000,2553.15900000
2026-07-13T05:00:00+00:00,567.32000000,569.53000000,566.28000000,568.59000000,3718.24200000
2026-07-13T06:00:00+00:00,568.60000000,569.34000000,567.69000000,568.57000000,1503.61600000
2026-07-13T07:00:00+00:00,568.57000000,570.58000000,567.88000000,570.11000000,3094.07200000
2026-07-13T08:00:00+00:00,570.11000000,571.10000000,569.43000000,570.37000000,3498.00800000
2026-07-13T09:00:00+00:00,570.37000000,570.40000000,569.29000000,569.62000000,3286.70600000
2026-07-13T10:00:00+00:00,569.62000000,570.39000000,568.45000000,569.65000000,2646.89200000
2026-07-13T11:00:00+00:00,569.65000000,570.92000000,569.31000000,569.66000000,2955.44700000
2026-07-13T12:00:00+00:00,569.67000000,569.77000000,567.56000000,568.41000000,2631.44200000
2026-07-13T13:00:00+00:00,568.41000000,569.57000000,566.41000000,568.05000000,3483.73300000
2026-07-13T14:00:00+00:00,568.06000000,570.73000000,565.61000000,570.70000000,5148.81300000
2026-07-13T15:00:00+00:00,570.71000000,571.78000000,568.31000000,568.72000000,2479.32300000
2026-07-13T16:00:00+00:00,568.72000000,568.88000000,565.67000000,566.07000000,2806.81200000
2026-07-13T17:00:00+00:00,566.07000000,566.70000000,562.40000000,562.62000000,3718.62900000
2026-07-13T18:00:00+00:00,562.62000000,565.33000000,562.37000000,564.44000000,3059.84200000
2026-07-13T19:00:00+00:00,564.44000000,566.35000000,564.04000000,566.29000000,2431.99200000
2026-07-13T20:00:00+00:00,566.29000000,566.70000000,564.45000000,565.34000000,1830.03000000
2026-07-13T21:00:00+00:00,565.35000000,565.59000000,563.31000000,564.86000000,2072.81500000
2026-07-13T22:00:00+00:00,564.86000000,566.64000000,564.69000000,565.31000000,1036.45800000
2026-07-13T23:00:00+00:00,565.31000000,567.50000000,565.09000000,567.49000000,1626.10200000
2026-07-14T00:00:00+00:00,567.50000000,569.90000000,566.74000000,569.28000000,2561.08300000
2026-07-14T01:00:00+00:00,569.27000000,570.57000000,568.61000000,569.95000000,2594.72000000
2026-07-14T02:00:00+00:00,569.95000000,570.42000000,567.57000000,570.00000000,3181.58800000
2026-07-14T03:00:00+00:00,570.00000000,570.54000000,568.02000000,569.98000000,3562.60100000
2026-07-14T04:00:00+00:00,569.99000000,571.50000000,569.81000000,571.16000000,4747.84900000
2026-07-14T05:00:00+00:00,571.17000000,571.68000000,570.00000000,570.45000000,3889.63700000
2026-07-14T06:00:00+00:00,570.44000000,570.45000000,568.93000000,569.28000000,2513.92400000
2026-07-14T07:00:00+00:00,569.29000000,570.46000000,568.93000000,570.15000000,2227.67700000
2026-07-14T08:00:00+00:00,570.16000000,571.74000000,569.14000000,570.68000000,2904.44100000
2026-07-14T09:00:00+00:00,570.68000000,571.24000000,569.48000000,569.99000000,2814.80700000
2026-07-14T10:00:00+00:00,569.99000000,571.18000000,569.32000000,570.95000000,3489.78200000
2026-07-14T11:00:00+00:00,570.96000000,571.46000000,570.45000000,570.96000000,3113.98900000
2026-07-14T12:00:00+00:00,570.96000000,577.94000000,570.21000000,577.41000000,13080.21200000
2026-07-14T13:00:00+00:00,577.42000000,582.00000000,576.24000000,578.97000000,18673.09600000
2026-07-14T14:00:00+00:00,578.97000000,582.29000000,577.57000000,581.48000000,12856.06100000
2026-07-14T15:00:00+00:00,581.48000000,584.64000000,581.09000000,582.87000000,9581.24700000
2026-07-14T16:00:00+00:00,582.87000000,583.41000000,581.54000000,581.63000000,5159.05600000
2026-07-14T17:00:00+00:00,581.63000000,581.67000000,579.10000000,580.84000000,9200.64000000
2026-07-14T18:00:00+00:00,580.85000000,581.12000000,579.70000000,579.89000000,2747.31400000
2026-07-14T19:00:00+00:00,579.88000000,581.56000000,579.88000000,580.64000000,2705.63400000
2026-07-14T20:00:00+00:00,580.65000000,580.97000000,579.50000000,579.90000000,1894.47400000
2026-07-14T21:00:00+00:00,579.91000000,581.25000000,579.56000000,580.68000000,1490.11700000
2026-07-14T22:00:00+00:00,580.68000000,582.91000000,579.27000000,581.67000000,4001.90100000
2026-07-14T23:00:00+00:00,581.75000000,582.90000000,581.11000000,581.87000000,4243.33600000
2026-07-15T00:00:00+00:00,581.88000000,583.17000000,581.44000000,582.22000000,4543.82600000
2026-07-15T01:00:00+00:00,582.23000000,582.23000000,579.95000000,580.09000000,3751.02200000
2026-07-15T02:00:00+00:00,580.08000000,581.11000000,579.20000000,579.94000000,3220.09800000
2026-07-15T03:00:00+00:00,579.95000000,581.29000000,579.67000000,580.71000000,3290.73500000
2026-07-15T04:00:00+00:00,580.72000000,581.24000000,577.29000000,579.66000000,3858.44400000
2026-07-15T05:00:00+00:00,579.67000000,580.77000000,578.71000000,580.60000000,3261.53800000
2026-07-15T06:00:00+00:00,580.60000000,582.28000000,579.78000000,579.78000000,3779.46100000
2026-07-15T07:00:00+00:00,579.79000000,580.19000000,576.49000000,576.49000000,9743.30000000
2026-07-15T08:00:00+00:00,576.50000000,577.70000000,575.80000000,577.13000000,5287.45300000
2026-07-15T09:00:00+00:00,577.12000000,577.98000000,576.56000000,577.14000000,4011.44300000
2026-07-15T10:00:00+00:00,577.14000000,578.86000000,576.99000000,578.82000000,5247.95300000
2026-07-15T11:00:00+00:00,578.82000000,579.10000000,577.83000000,579.01000000,3709.24100000
2026-07-15T12:00:00+00:00,579.02000000,584.52000000,577.22000000,582.59000000,9320.89300000
2026-07-15T13:00:00+00:00,582.60000000,585.30000000,580.99000000,582.47000000,12170.85400000
2026-07-15T14:00:00+00:00,582.48000000,583.72000000,580.21000000,581.62000000,6402.89600000
2026-07-15T15:00:00+00:00,581.62000000,582.33000000,580.40000000,581.73000000,6796.06200000
2026-07-15T16:00:00+00:00,581.74000000,581.79000000,576.63000000,578.64000000,7227.60800000
2026-07-15T17:00:00+00:00,578.65000000,580.83000000,578.35000000,580.09000000,3701.86000000
2026-07-15T18:00:00+00:00,580.10000000,581.91000000,579.51000000,579.74000000,2267.16900000
2026-07-15T19:00:00+00:00,579.75000000,580.37000000,578.55000000,579.48000000,1732.74400000
2026-07-15T20:00:00+00:00,579.50000000,581.32000000,579.30000000,580.78000000,1734.46400000
2026-07-15T21:00:00+00:00,580.78000000,581.49000000,580.48000000,581.09000000,2571.61600000
2026-07-15T22:00:00+00:00,581.10000000,581.97000000,580.53000000,581.06000000,2800.78400000
2026-07-15T23:00:00+00:00,581.07000000,581.66000000,579.90000000,580.55000000,2464.39300000
2026-07-16T00:00:00+00:00,580.56000000,582.40000000,578.00000000,579.51000000,5371.39300000
